{"cameraMode":{"drawMode":0,"name":"Shaded","section":"Shading Mode"},"sceneLighting":true,"audioPlay":false,"sceneViewState":{"showFog":true,"showMaterialUpdate":false,"showSkybox":true,"showFlares":true,"showImageEffects":true,"showParticleSystems":true},"in2DMode":false,"pivot":{"x":1.9380964040756226,"y":-2.9617910385131838,"z":10.250076293945313},"rotation":{"x":-0.19126193225383759,"y":-0.040036920458078387,"z":0.007809222675859928,"w":-0.9806932806968689},"size":10.449999809265137,"orthographic":false}